-- MySQL dump 10.13  Distrib 8.0.16, for Win64 (x86_64)
--
-- Host: localhost    Database: xianxianmall
-- ------------------------------------------------------
-- Server version	8.0.16

/*!40101 SET @OLD_CHARACTER_SET_CLIENT=@@CHARACTER_SET_CLIENT */;
/*!40101 SET @OLD_CHARACTER_SET_RESULTS=@@CHARACTER_SET_RESULTS */;
/*!40101 SET @OLD_COLLATION_CONNECTION=@@COLLATION_CONNECTION */;
 SET NAMES utf8mb4 ;
/*!40103 SET @OLD_TIME_ZONE=@@TIME_ZONE */;
/*!40103 SET TIME_ZONE='+00:00' */;
/*!40014 SET @OLD_UNIQUE_CHECKS=@@UNIQUE_CHECKS, UNIQUE_CHECKS=0 */;
/*!40014 SET @OLD_FOREIGN_KEY_CHECKS=@@FOREIGN_KEY_CHECKS, FOREIGN_KEY_CHECKS=0 */;
/*!40101 SET @OLD_SQL_MODE=@@SQL_MODE, SQL_MODE='NO_AUTO_VALUE_ON_ZERO' */;
/*!40111 SET @OLD_SQL_NOTES=@@SQL_NOTES, SQL_NOTES=0 */;

--
-- Table structure for table `admin`
--

DROP TABLE IF EXISTS `admin`;
/*!40101 SET @saved_cs_client     = @@character_set_client */;
 SET character_set_client = utf8mb4 ;
CREATE TABLE `admin` (
  `aid` char(8) DEFAULT NULL COMMENT '管理员id',
  `pwd` char(8) DEFAULT NULL COMMENT '密码'
) ENGINE=InnoDB DEFAULT CHARSET=utf8;
/*!40101 SET character_set_client = @saved_cs_client */;

--
-- Dumping data for table `admin`
--

LOCK TABLES `admin` WRITE;
/*!40000 ALTER TABLE `admin` DISABLE KEYS */;
INSERT INTO `admin` VALUES ('qwe','QWE');
/*!40000 ALTER TABLE `admin` ENABLE KEYS */;
UNLOCK TABLES;

--
-- Table structure for table `cart`
--

DROP TABLE IF EXISTS `cart`;
/*!40101 SET @saved_cs_client     = @@character_set_client */;
 SET character_set_client = utf8mb4 ;
CREATE TABLE `cart` (
  `cid` int(11) NOT NULL AUTO_INCREMENT COMMENT '购物车id',
  `pid` int(11) NOT NULL COMMENT '商品id',
  `uid` int(11) NOT NULL COMMENT '用户id',
  `cprice` double NOT NULL COMMENT '单价',
  `total` int(11) NOT NULL COMMENT '数量',
  `account` double NOT NULL COMMENT '总价',
  `cdate` datetime NOT NULL COMMENT '加入购物车日期',
  `csize` char(3) NOT NULL COMMENT '尺码',
  `ccolor` varchar(20) DEFAULT NULL COMMENT '颜色分类',
  `cpic` varchar(80) NOT NULL COMMENT '图片',
  `pdescription` varchar(80) NOT NULL COMMENT '商品信息',
  PRIMARY KEY (`cid`),
  UNIQUE KEY `cid` (`cid`),
  KEY `FK_cart` (`pid`),
  KEY `FK_cart_uid` (`uid`),
  CONSTRAINT `FK_cart` FOREIGN KEY (`pid`) REFERENCES `product` (`pid`),
  CONSTRAINT `FK_cart_uid` FOREIGN KEY (`uid`) REFERENCES `user` (`uid`)
) ENGINE=InnoDB AUTO_INCREMENT=30 DEFAULT CHARSET=utf8;
/*!40101 SET character_set_client = @saved_cs_client */;

--
-- Dumping data for table `cart`
--

LOCK TABLES `cart` WRITE;
/*!40000 ALTER TABLE `cart` DISABLE KEYS */;
INSERT INTO `cart` VALUES (1,8,1,528,1,528,'2019-04-15 23:10:06','M',NULL,'竹青鸦交领襦裙_0.jpg',''),(5,24,2,298,1,298,'2019-04-17 09:04:16','S',NULL,'虹玉印花齐腰坦领襦裙套装_0.jpg','汉尚华莲原创传统汉服女装虹玉印花齐腰坦领襦裙套装日常春夏款'),(6,3,2,188,1,188,'2019-04-17 09:04:23','M',NULL,'对襟襦裙中国风日常三件套_0.jpg','汉尚华莲琅华正品原创传统汉服女刺绣对襟襦裙中国风日常三件套'),(7,5,2,428,2,856,'2019-04-17 09:04:35','M',NULL,'传统大摆齐腰对襟襦裙_0.jpg','汉尚华莲知夏传统大摆汉服女装绣花齐腰对襟襦裙中国风日常春夏装'),(8,21,2,298,2,596,'2019-04-17 09:05:51','M',NULL,'及岁除春秋装褙子搭配_0.jpg','汉尚华莲传统汉服女装及岁除刺绣交领襦裙套装日常春秋装褙子搭配'),(9,8,6,528,2,1056,'2019-04-17 09:10:38','M',NULL,'竹青鸦交领襦裙_0.jpg','汉尚华莲竹青鸦原创正品汉服女装刺绣交领襦裙中国风日常绣花套装'),(10,13,6,238,1,238,'2019-04-17 09:10:55','S',NULL,'如意锁米白色明制交领上袄_0.jpg','汉尚华莲如意锁传统汉服米白色明制绣花交领上袄加绒保暖日常秋冬'),(11,21,6,298,1,298,'2019-04-17 09:11:02','S',NULL,'及岁除春秋装褙子搭配_0.jpg','汉尚华莲传统汉服女装及岁除刺绣交领襦裙套装日常春秋装褙子搭配'),(12,5,42,428,1,428,'2019-04-17 09:50:49','M',NULL,'传统大摆齐腰对襟襦裙_0.jpg','汉尚华莲知夏传统大摆汉服女装绣花齐腰对襟襦裙中国风日常春夏装'),(13,10,1,468,1,468,'2019-04-23 14:35:22','L',NULL,'雾影仙交领大袖襦裙_0.jpg','汉尚华莲雾影仙传统汉服女装交领大袖襦裙齐腰双层套装日常春夏款'),(14,9,1,288,1,288,'2019-04-28 11:15:21','M',NULL,'度幕帘交领襦裙_0.jpg','汉尚华莲度幕帘传统正品原创汉服女绣花交领襦裙齐腰魏晋风套装春'),(20,3,9,188,1,188,'2019-04-28 12:47:17','M',NULL,'对襟襦裙中国风日常三件套_0.jpg','汉尚华莲琅华正品原创传统汉服女刺绣对襟襦裙中国风日常三件套'),(21,18,9,188,1,188,'2019-04-28 12:50:15','M',NULL,'绛雪印花褙子搭配粉色垮裤套装_0.jpg','汉尚华莲绛雪传统汉服女装印花褙子搭配粉色垮裤套装日常春款'),(23,8,1,528,2,1056,'2019-05-04 09:09:21','S','交领襦裙一套','竹青鸦交领襦裙_0.jpg','汉尚华莲竹青鸦原创正品汉服女装刺绣交领襦裙中国风日常绣花套装'),(24,22,43,188,1,188,'2019-05-04 09:25:02','M','女款褙子一件','知否知否合作款衡影绣花褙子_0.jpg','汉尚华莲x知否知否合作款衡影绣花褙子男女款女装汉服日常上衣'),(25,13,1,238,1,238,'2019-05-04 10:33:54','S','仅上衣一件','如意锁米白色明制交领上袄_0.jpg','汉尚华莲如意锁传统汉服米白色明制绣花交领上袄加绒保暖日常秋冬'),(29,17,1,488,1,488,'2019-05-04 10:37:52','L','仅披风一件','孤芳披风外套中长款加厚_0.jpg','汉尚华莲孤芳传统汉服女装绣花华丽披风外套中长款日常加厚保暖冬');
/*!40000 ALTER TABLE `cart` ENABLE KEYS */;
UNLOCK TABLES;

--
-- Table structure for table `orderitem`
--

DROP TABLE IF EXISTS `orderitem`;
/*!40101 SET @saved_cs_client     = @@character_set_client */;
 SET character_set_client = utf8mb4 ;
CREATE TABLE `orderitem` (
  `oid` int(11) NOT NULL AUTO_INCREMENT COMMENT '订单详情id',
  `uid` int(11) NOT NULL COMMENT '用户id',
  `pid` int(11) NOT NULL COMMENT '商品id',
  `total` int(11) NOT NULL COMMENT '商品数量',
  `account` double NOT NULL COMMENT '结算总价',
  `ostate` int(11) NOT NULL COMMENT '状态，0：未支付，1：已支付未发货，2：已发货未收货，3：已收货',
  `odate` datetime NOT NULL COMMENT '订单提交时间',
  `oprice` double NOT NULL COMMENT '单价',
  `osize` char(3) NOT NULL COMMENT '尺码',
  `ocolor` varchar(20) DEFAULT NULL COMMENT '颜色分类',
  `opic` varchar(80) NOT NULL COMMENT '图片',
  `pdescription` varchar(80) DEFAULT NULL COMMENT '商品描述',
  PRIMARY KEY (`oid`),
  KEY `uid` (`uid`),
  KEY `pid` (`pid`),
  CONSTRAINT `orderitem_ibfk_1` FOREIGN KEY (`uid`) REFERENCES `user` (`uid`) ON DELETE CASCADE,
  CONSTRAINT `orderitem_ibfk_2` FOREIGN KEY (`pid`) REFERENCES `product` (`pid`) ON DELETE CASCADE
) ENGINE=InnoDB AUTO_INCREMENT=40 DEFAULT CHARSET=utf8;
/*!40101 SET character_set_client = @saved_cs_client */;

--
-- Dumping data for table `orderitem`
--

LOCK TABLES `orderitem` WRITE;
/*!40000 ALTER TABLE `orderitem` DISABLE KEYS */;
INSERT INTO `orderitem` VALUES (1,1,22,1,188,0,'2019-04-21 22:05:19',188,'M',NULL,'知否知否合作款衡影绣花褙子_0.jpg',NULL),(2,1,22,1,188,0,'2019-04-21 22:08:14',188,'M',NULL,'知否知否合作款衡影绣花褙子_0.jpg',NULL),(3,1,22,1,188,0,'2019-04-21 22:09:51',188,'M',NULL,'知否知否合作款衡影绣花褙子_0.jpg',NULL),(6,1,3,1,188,3,'2019-04-21 22:28:33',188,'M',NULL,'对襟襦裙中国风日常三件套_0.jpg',NULL),(7,2,9,1,288,2,'2019-04-22 20:29:51',288,'M',NULL,'度幕帘交领襦裙_0.jpg',NULL),(8,2,22,1,188,2,'2019-04-22 20:34:23',188,'M',NULL,'知否知否合作款衡影绣花褙子_0.jpg',NULL),(9,2,22,1,188,2,'2019-04-22 20:35:56',188,'L',NULL,'知否知否合作款衡影绣花褙子_0.jpg',NULL),(10,2,22,1,188,2,'2019-04-22 20:37:03',188,'M',NULL,'知否知否合作款衡影绣花褙子_0.jpg',NULL),(11,1,5,1,428,2,'2019-04-24 14:04:55',428,'L',NULL,'传统大摆齐腰对襟襦裙_0.jpg',NULL),(12,1,3,1,188,2,'2019-02-24 14:04:55',188,'M',NULL,'对襟襦裙中国风日常三件套_0.jpg',NULL),(17,1,3,1,188,2,'2019-04-24 14:06:57',188,'M',NULL,'对襟襦裙中国风日常三件套_0.jpg',NULL),(18,1,22,1,188,2,'2019-03-24 14:08:02',188,'M',NULL,'知否知否合作款衡影绣花褙子_0.jpg',NULL),(19,1,3,1,188,2,'2019-04-24 16:28:54',188,'M',NULL,'对襟襦裙中国风日常三件套_0.jpg',NULL),(20,1,22,1,188,2,'2019-03-24 16:30:45',188,'M',NULL,'知否知否合作款衡影绣花褙子_0.jpg',NULL),(22,1,18,1,188,2,'2019-04-28 11:20:27',188,'M',NULL,'绛雪印花褙子搭配粉色垮裤套装_0.jpg',NULL),(23,1,3,1,188,2,'2019-03-28 12:30:18',188,'M',NULL,'对襟襦裙中国风日常三件套_0.jpg',NULL),(24,1,22,2,376,2,'2019-04-28 12:31:37',188,'M',NULL,'知否知否合作款衡影绣花褙子_0.jpg',NULL),(25,1,15,1,199,2,'2019-04-28 12:38:01',199,'S',NULL,'花期印花交领袄裙琵琶袖_0.jpg',NULL),(26,6,3,1,188,2,'2019-04-28 14:58:36',188,'M',NULL,'对襟襦裙中国风日常三件套_0.jpg',NULL),(27,6,18,1,188,2,'2019-04-28 15:23:32',188,'M',NULL,'绛雪印花褙子搭配粉色垮裤套装_0.jpg',NULL),(28,6,24,1,298,2,'2019-04-28 15:24:34',298,'M',NULL,'虹玉印花齐腰坦领襦裙套装_0.jpg',NULL),(29,43,5,2,856,2,'2019-05-04 09:27:11',428,'S',NULL,'传统大摆齐腰对襟襦裙_0.jpg',NULL),(30,43,18,1,188,2,'2019-05-04 09:32:53',188,'S',NULL,'绛雪印花褙子搭配粉色垮裤套装_0.jpg',NULL),(31,1,15,1,199,2,'2019-05-04 10:19:43',199,'M',NULL,'花期印花交领袄裙琵琶袖_0.jpg',NULL),(32,1,3,1,188,2,'2019-05-04 10:31:07',188,'S',NULL,'对襟襦裙中国风日常三件套_0.jpg',NULL),(33,1,15,1,199,2,'2019-05-04 10:34:23',199,'S',NULL,'花期印花交领袄裙琵琶袖_0.jpg',NULL),(34,1,13,1,238,2,'2019-05-04 10:38:12',238,'S',NULL,'如意锁米白色明制交领上袄_0.jpg',NULL),(35,1,11,1,299,2,'2019-05-04 10:38:12',299,'S',NULL,'传统汉服长袄比甲褶裙三件套_0.jpg',NULL),(36,1,22,1,188,2,'2019-05-04 10:52:58',188,'M',NULL,'知否知否合作款衡影绣花褙子_0.jpg',NULL),(37,1,3,1,188,2,'2019-05-04 11:03:43',188,'S',NULL,'对襟襦裙中国风日常三件套_0.jpg',NULL),(38,1,22,1,188,2,'2019-05-04 11:09:15',188,'M',NULL,'知否知否合作款衡影绣花褙子_0.jpg','汉尚华莲x知否知否合作款衡影绣花褙子男女款女装汉服日常上衣'),(39,1,3,4,752,1,'2019-05-04 12:38:37',188,'S',NULL,'对襟襦裙中国风日常三件套_0.jpg','汉尚华莲琅华正品原创传统汉服女刺绣对襟襦裙中国风日常三件套');
/*!40000 ALTER TABLE `orderitem` ENABLE KEYS */;
UNLOCK TABLES;

--
-- Table structure for table `ordertable`
--

DROP TABLE IF EXISTS `ordertable`;
/*!40101 SET @saved_cs_client     = @@character_set_client */;
 SET character_set_client = utf8mb4 ;
CREATE TABLE `ordertable` (
  `rid` int(11) NOT NULL AUTO_INCREMENT COMMENT '订单id',
  `oid` int(11) NOT NULL COMMENT '订单详情id',
  `uid` int(11) NOT NULL COMMENT '用户id',
  `rstate` int(11) NOT NULL COMMENT '状态，0：未支付，1：已支付未发货，2：已发货未收货，3：已收货',
  `date` datetime NOT NULL COMMENT '提交日期，格式为YYYY-MM-DD HH:MM:SS',
  PRIMARY KEY (`rid`),
  KEY `oid` (`oid`),
  KEY `uid` (`uid`),
  CONSTRAINT `ordertable_ibfk_1` FOREIGN KEY (`oid`) REFERENCES `orderitem` (`oid`) ON DELETE CASCADE,
  CONSTRAINT `ordertable_ibfk_2` FOREIGN KEY (`uid`) REFERENCES `user` (`uid`) ON DELETE CASCADE
) ENGINE=InnoDB AUTO_INCREMENT=38 DEFAULT CHARSET=utf8;
/*!40101 SET character_set_client = @saved_cs_client */;

--
-- Dumping data for table `ordertable`
--

LOCK TABLES `ordertable` WRITE;
/*!40000 ALTER TABLE `ordertable` DISABLE KEYS */;
INSERT INTO `ordertable` VALUES (1,3,1,1,'2019-04-21 22:09:51'),(4,6,1,1,'2019-04-21 22:28:33'),(5,7,2,1,'2019-04-22 20:29:51'),(6,8,2,1,'2019-04-22 20:34:23'),(7,9,2,1,'2019-04-22 20:35:56'),(8,10,2,1,'2019-04-22 20:37:03'),(9,11,1,1,'2019-04-24 14:04:55'),(10,12,1,1,'2019-04-24 14:04:55'),(15,17,1,1,'2019-04-24 14:06:57'),(16,18,1,1,'2019-04-24 14:08:02'),(17,19,1,1,'2019-04-24 16:28:54'),(18,20,1,1,'2019-04-24 16:30:45'),(20,22,1,1,'2019-04-28 11:20:27'),(21,23,1,1,'2019-04-28 12:30:18'),(22,24,1,1,'2019-04-28 12:31:37'),(23,25,1,1,'2019-04-28 12:38:01'),(24,26,6,1,'2019-04-28 14:58:36'),(25,27,6,1,'2019-04-28 15:23:32'),(26,28,6,1,'2019-04-28 15:24:34'),(27,29,43,1,'2019-05-04 09:27:11'),(28,30,43,1,'2019-05-04 09:32:53'),(29,31,1,1,'2019-05-04 10:19:43'),(30,32,1,1,'2019-05-04 10:31:07'),(31,33,1,1,'2019-05-04 10:34:23'),(32,34,1,1,'2019-05-04 10:38:12'),(33,35,1,1,'2019-05-04 10:38:12'),(34,36,1,1,'2019-05-04 10:52:58'),(35,37,1,1,'2019-05-04 11:03:43'),(36,38,1,1,'2019-05-04 11:09:15'),(37,39,1,0,'2019-05-04 12:38:37');
/*!40000 ALTER TABLE `ordertable` ENABLE KEYS */;
UNLOCK TABLES;

--
-- Table structure for table `product`
--

DROP TABLE IF EXISTS `product`;
/*!40101 SET @saved_cs_client     = @@character_set_client */;
 SET character_set_client = utf8mb4 ;
CREATE TABLE `product` (
  `pid` int(11) NOT NULL AUTO_INCREMENT COMMENT '商品id',
  `pname` varchar(20) NOT NULL COMMENT '商品名称',
  `pdescription` varchar(80) NOT NULL COMMENT '商品信息',
  `pprice` double NOT NULL COMMENT '商品价格',
  `pstate` int(11) DEFAULT NULL COMMENT '状态，1：已上架，2：已下架',
  `pclass` int(11) NOT NULL COMMENT '商品分类，1：交领襦裙，2：对襟襦裙，3：袄裙专区，4：披风/斗篷，5：宋裤/褙子，6：必备单品',
  `pdate` datetime NOT NULL COMMENT '日期，格式为YYYY-MM-DD HH:MM:SS',
  `size` varchar(10) NOT NULL COMMENT '商品尺码',
  `color` varchar(20) NOT NULL COMMENT '颜色',
  `picaddress` varchar(50) NOT NULL COMMENT '图片存储地址',
  PRIMARY KEY (`pid`)
) ENGINE=InnoDB AUTO_INCREMENT=29 DEFAULT CHARSET=utf8;
/*!40101 SET character_set_client = @saved_cs_client */;

--
-- Dumping data for table `product`
--

LOCK TABLES `product` WRITE;
/*!40000 ALTER TABLE `product` DISABLE KEYS */;
INSERT INTO `product` VALUES (3,'对襟襦裙中国风日常三件套','汉尚华莲琅华正品原创传统汉服女刺绣对襟襦裙中国风日常三件套',188,1,2,'2019-04-14 12:44:19','XS,S,M,L','仅褶裙,仅上襦,仅抹胸','对襟襦裙中国风日常三件套_0.jpg,对襟襦裙中国风日常三件套_1.jpg'),(4,'对襟襦裙套装日常春夏款','汉尚华莲画中仙正品原创汉服对襟襦裙套装女中国风学生日常春夏款',368,1,2,'2019-04-14 12:45:14','XS,S,M,L','对襟襦裙一套','对襟襦裙套装日常春夏款_0.jpg,对襟襦裙套装日常春夏款_1.jpg'),(5,'传统大摆齐腰对襟襦裙','汉尚华莲知夏传统大摆汉服女装绣花齐腰对襟襦裙中国风日常春夏装',428,1,2,'2019-04-14 12:45:30','XS,S,M,L','对襟襦裙一套','传统大摆齐腰对襟襦裙_0.jpg,传统大摆齐腰对襟襦裙_1.jpg'),(6,'宋幕齐腰对襟襦裙','汉尚华莲传统汉服女装宋幕齐腰对襟襦裙绣花套装日常时尚风春夏款',328,1,2,'2019-04-14 12:46:01','XS,S,M,L','上襦+下裙一套','宋幕齐腰对襟襦裙_0.jpg,宋幕齐腰对襟襦裙_1.jpg'),(7,'桃花记交领襦裙','汉尚华莲桃花记原创汉服女装交领襦裙大袖齐腰日常国风春夏季套装',398,1,1,'2019-04-14 11:26:48','XS,S,M,L','交领襦裙一套','桃花记交领襦裙_0.jpg'),(8,'竹青鸦交领襦裙','汉尚华莲竹青鸦原创正品汉服女装刺绣交领襦裙中国风日常绣花套装',528,1,6,'2019-04-14 12:52:41','XS,S,M,L','交领襦裙一套','竹青鸦交领襦裙_0.jpg,竹青鸦交领襦裙_1.jpg'),(9,'度幕帘交领襦裙','汉尚华莲度幕帘传统正品原创汉服女绣花交领襦裙齐腰魏晋风套装春',288,1,1,'2019-04-14 11:27:25','S,M,L','交领襦裙一套','度幕帘交领襦裙_0.jpg'),(10,'雾影仙交领大袖襦裙','汉尚华莲雾影仙传统汉服女装交领大袖襦裙齐腰双层套装日常春夏款',468,1,1,'2019-04-14 11:27:52','XS,S,M,L','交领襦裙一套','雾影仙交领大袖襦裙_0.jpg'),(11,'传统汉服长袄比甲褶裙三件套','汉尚华莲传统汉服女装花锦醉刺绣长袄保暖比甲搭配褶裙春装三件套',299,1,3,'2019-04-14 11:38:27','XS,S,M,L','仅褶裙一件,仅比甲一件','传统汉服长袄比甲褶裙三件套_0.jpg'),(12,'如意锁交领上袄加绒加厚秋冬装','汉尚华莲如意锁传统汉服女装明制刺绣交领上袄加绒加厚秋冬装',238,1,3,'2019-04-14 12:47:42','XS,S,M,L','仅上衣一件','如意锁交领上袄加绒加厚秋冬装_0.jpg,如意锁交领上袄加绒加厚秋冬装_1.jpg'),(13,'如意锁米白色明制交领上袄','汉尚华莲如意锁传统汉服米白色明制绣花交领上袄加绒保暖日常秋冬',238,1,3,'2019-04-14 11:39:04','XS,S,M,L','仅上衣一件','如意锁米白色明制交领上袄_0.jpg'),(14,'迟花摇交领袄裙琵琶袖套装','汉尚华莲传统汉服女装迟花摇绣花交领袄裙琵琶袖套装日常冬款加厚',438,1,3,'2019-04-14 12:48:39','S,M,L','交领袄裙一套','迟花摇交领袄裙琵琶袖套装_0.jpg,迟花摇交领袄裙琵琶袖套装_1.jpg'),(15,'花期印花交领袄裙琵琶袖','汉尚华莲传统汉服花期印花交领袄裙琵琶袖单层日常春秋双色性价比',199,1,3,'2019-04-14 11:39:56','XS,S,M,L','黑色上襦+粉色下裙','花期印花交领袄裙琵琶袖_0.jpg'),(16,'青城大袖衫披风蓝色渐变','汉尚华莲传统汉服女装青城刺绣外搭大袖衫披风蓝色渐变日常春秋款',498,1,4,'2019-04-14 12:49:32','M','仅披风一件','青城大袖衫披风蓝色渐变_0.jpg,青城大袖衫披风蓝色渐变_1.jpg'),(17,'孤芳披风外套中长款加厚','汉尚华莲孤芳传统汉服女装绣花华丽披风外套中长款日常加厚保暖冬',488,1,4,'2019-04-14 12:49:56','L','仅披风一件','孤芳披风外套中长款加厚_0.jpg,孤芳披风外套中长款加厚_1.jpg'),(18,'绛雪印花褙子搭配粉色垮裤套装','汉尚华莲绛雪传统汉服女装印花褙子搭配粉色垮裤套装日常春款',188,1,5,'2019-04-14 12:50:13','S,M','仅褙子一件','绛雪印花褙子搭配粉色垮裤套装_0.jpg,绛雪印花褙子搭配粉色垮裤套装_1.jpg'),(19,'花暝紫色褙子一片式褶裙','汉尚华莲花暝原创正品传统汉服女装刺绣紫色褙子一片式褶裙日常春',228,1,5,'2019-04-14 12:50:33','XS,S,M,L','褙子一件,一片式褶裙一件','花暝紫色褙子一片式褶裙_0.jpg,花暝紫色褙子一片式褶裙_1.jpg'),(20,'十梦黑色褙子上衣搭配跨裤套装','汉尚华莲十梦原创汉服女装刺绣黑色褙子上衣搭配跨裤套装日常春款',188,1,5,'2019-04-14 12:51:12','S,M,L','褙子一件,袴裤一件','十梦黑色褙子上衣搭配跨裤套装_0.jpg,十梦黑色褙子上衣搭配跨裤套装_1.jpg'),(21,'及岁除春秋装褙子搭配','汉尚华莲传统汉服女装及岁除刺绣交领襦裙套装日常春秋装褙子搭配',298,1,5,'2019-04-14 12:51:32','XS,S,M,L','褙子一件','及岁除春秋装褙子搭配_0.jpg,及岁除春秋装褙子搭配_1.jpg'),(22,'知否知否合作款衡影绣花褙子','汉尚华莲x知否知否合作款衡影绣花褙子男女款女装汉服日常上衣',188,1,5,'2019-04-14 12:52:11','S,M,L,XL','女款褙子一件','知否知否合作款衡影绣花褙子_0.jpg,知否知否合作款衡影绣花褙子_1.jpg'),(23,'荷图坦领襦裙半臂','汉尚华莲荷图正品原创汉服女中国风刺绣坦领襦裙半臂日常华服春夏',268,1,6,'2019-04-14 12:36:46','XS,S,M,L','坦领上衣,一片式穿孔褶裙','荷图坦领襦裙半臂_0.jpg,荷图坦领襦裙半臂_1.jpg'),(24,'虹玉印花齐腰坦领襦裙套装','汉尚华莲原创传统汉服女装虹玉印花齐腰坦领襦裙套装日常春夏款',298,1,6,'2019-04-14 12:52:55','XS,S,M,L','坦领襦裙一套','虹玉印花齐腰坦领襦裙套装_0.jpg,虹玉印花齐腰坦领襦裙套装_1.jpg'),(25,'春涧坦领半臂日常春装上衣','汉尚华莲春涧原创正品汉服女装绣花坦领半臂日常百搭春装上衣两色',118,1,6,'2019-05-04 15:17:42','XS,S,M,L','粉红半臂一件,酒红半臂一件','春涧坦领半臂日常春装上衣_0.jpg'),(26,'春涧烫金印花坦领襦裙套装齐腰','汉尚华莲春涧传统汉服女装烫金印花坦领襦裙套装日常齐腰春夏2色',238,1,6,'2019-05-04 15:21:43','XS,S,M,L','黑色一片式褶裙,浅绿色一片式褶裙','春涧烫金印花坦领襦裙套装齐腰_0.jpg'),(27,'飞鸾交领汉服琵琶袖红色短袄','钟灵记飞鸾交领汉服女琵琶袖红色短袄可配马面裙春秋明制袄裙套装',238,1,3,'2019-05-04 15:26:29','XS,S,M,L','米白色上袄一件,红色下裙一件','飞鸾交领汉服琵琶袖红色短袄_0.jpg'),(28,'绣花团扇','钟灵记汉服【玉兔】绣花团扇刺绣古典中国风扇子中式古风半透明绢',58,1,6,'2019-05-04 15:30:48','均码','玉兔团扇','绣花团扇_0.jpg');
/*!40000 ALTER TABLE `product` ENABLE KEYS */;
UNLOCK TABLES;

--
-- Table structure for table `user`
--

DROP TABLE IF EXISTS `user`;
/*!40101 SET @saved_cs_client     = @@character_set_client */;
 SET character_set_client = utf8mb4 ;
CREATE TABLE `user` (
  `uid` int(11) NOT NULL AUTO_INCREMENT COMMENT '用户id',
  `nickname` char(8) DEFAULT NULL COMMENT '用户名',
  `pwd` char(8) DEFAULT NULL COMMENT '密码',
  `phone` char(11) DEFAULT NULL COMMENT '手机号码',
  `address` varchar(20) DEFAULT NULL COMMENT '地址',
  `sex` int(11) NOT NULL COMMENT '性别，1：男性，0：女性',
  `username` varchar(4) NOT NULL COMMENT '真实姓名',
  PRIMARY KEY (`uid`),
  UNIQUE KEY `nickname` (`nickname`)
) ENGINE=InnoDB AUTO_INCREMENT=62 DEFAULT CHARSET=utf8;
/*!40101 SET character_set_client = @saved_cs_client */;

--
-- Dumping data for table `user`
--

LOCK TABLES `user` WRITE;
/*!40000 ALTER TABLE `user` DISABLE KEYS */;
INSERT INTO `user` VALUES (1,'qwe','123','123','广州',0,'qwe'),(2,'冬天的茉莉','123','2345','中国',0,'qwe'),(4,'秦莞尔46','123','12345678912','广东省广州市海珠区人民街道200号',1,'暂无'),(5,'冬天的茉莉95','123','12345678912','广东省广州市海珠区人民街道200号',1,'李白'),(6,'礼拜49','123','12345678912','广东省广州市海珠区人民街道200号',0,'秦莞尔'),(7,'电饭锅46','123','12345678912','广东省广州市海珠区人民街道200号',1,'李思'),(8,'电饭锅15','123','12345678912','广东省广州市海珠区人民街道200号',0,'李思'),(9,'史蒂夫31','123','12345678912','广东省广州市海珠区人民街道200号',1,'李四'),(10,'礼拜67','123','12345678912','广东省广州市海珠区人民街道200号',1,'秦莞尔'),(11,'幽灵72','123','12345678912','广东省广州市海珠区人民街道200号',1,'王伟'),(12,'电饭锅75','123','12345678912','广东省广州市海珠区人民街道200号',0,'李思'),(13,'阿萨德60','123','12345678912','广东省广州市海珠区人民街道200号',0,'周星驰'),(14,'阿萨德72','123','12345678912','广东省广州市海珠区人民街道200号',0,'周星驰'),(15,'幽灵68','123','12345678912','广东省广州市海珠区人民街道200号',1,'王伟'),(16,'史蒂夫58','123','12345678912','广东省广州市海珠区人民街道200号',1,'李四'),(17,'法师41','123','12345678912','广东省广州市海珠区人民街道200号',0,'周一'),(18,'秦莞尔4','123','12345678912','广东省广州市海珠区人民街道200号',0,'暂无'),(19,'史蒂夫78','123','12345678912','广东省广州市海珠区人民街道200号',1,'李四'),(20,'幽灵97','123','12345678912','广东省广州市海珠区人民街道200号',1,'王伟'),(21,'幽灵11','123','12345678912','广东省广州市海珠区人民街道200号',0,'王伟'),(22,'秦莞尔97','123','12345678912','广东省广州市海珠区人民街道200号',0,'暂无'),(23,'法师1','123','12345678912','广东省广州市海珠区人民街道200号',0,'周一'),(24,'幽灵74','123','12345678912','广东省广州市海珠区人民街道200号',1,'王伟'),(25,'史蒂夫50','123','12345678912','广东省广州市海珠区人民街道200号',1,'李四'),(26,'电饭锅38','123','12345678912','广东省广州市海珠区人民街道200号',1,'李思'),(27,'秦莞尔58','123','12345678912','广东省广州市海珠区人民街道200号',1,'暂无'),(28,'阿萨德69','123','12345678912','广东省广州市海珠区人民街道200号',0,'周星驰'),(29,'礼拜97','123','12345678912','广东省广州市海珠区人民街道200号',0,'秦莞尔'),(30,'电饭锅50','123','12345678912','广东省广州市海珠区人民街道200号',0,'李思'),(31,'法师30','123','12345678912','广东省广州市海珠区人民街道200号',0,'周一'),(32,'史蒂夫67','123','12345678912','广东省广州市海珠区人民街道200号',0,'李四'),(33,'冬天的茉莉89','123','12345678912','广东省广州市海珠区人民街道200号',1,'李白'),(34,'豆腐干75','123','12345678912','广东省广州市海珠区人民街道200号',0,'王八'),(35,'冬天的茉莉75','123','12345678912','广东省广州市海珠区人民街道200号',0,'李白'),(36,'史蒂夫77','123','12345678912','广东省广州市海珠区人民街道200号',1,'李四'),(37,'史蒂夫99','123','12345678912','广东省广州市海珠区人民街道200号',1,'李四'),(38,'豆腐干12','123','12345678912','广东省广州市海珠区人民街道200号',1,'王八'),(39,'礼拜75','123','12345678912','广东省广州市海珠区人民街道200号',1,'秦莞尔'),(40,'礼拜4','123','12345678912','广东省广州市海珠区人民街道200号',1,'秦莞尔'),(41,'回天','12345','15218854744','广州',0,'惠天'),(42,'asd','123','15218854744','广州',0,'asd'),(43,'李清照','123','123','广州',0,'qwe'),(44,'史蒂夫91','123','12345678912','广东省广州市海珠区人民街道200号',1,'李四'),(45,'幽灵84','123','12345678912','广东省广州市海珠区人民街道200号',1,'王伟'),(46,'礼拜77','123','12345678912','广东省广州市海珠区人民街道200号',0,'秦莞尔'),(47,'冬天的茉莉91','123','12345678912','广东省广州市海珠区人民街道200号',1,'李白'),(48,'电饭锅0','123','12345678912','广东省广州市海珠区人民街道200号',1,'李思'),(49,'礼拜46','123','12345678912','广东省广州市海珠区人民街道200号',1,'秦莞尔'),(50,'史蒂夫46','123','12345678912','广东省广州市海珠区人民街道200号',1,'李四'),(51,'阿萨德23','123','12345678912','广东省广州市海珠区人民街道200号',1,'周星驰'),(52,'电饭锅68','123','12345678912','广东省广州市海珠区人民街道200号',0,'李思'),(53,'法师58','123','12345678912','广东省广州市海珠区人民街道200号',1,'周一'),(54,'周星驰28','123','12345678912','广东省广州市海珠区人民街道200号',0,'阿萨德'),(55,'周星驰17','123','12345678912','广东省广州市海珠区人民街道200号',1,'阿萨德'),(56,'幽灵0','123','12345678912','广东省广州市海珠区人民街道200号',1,'王伟'),(57,'秦莞尔37','123','12345678912','广东省广州市海珠区人民街道200号',0,'暂无'),(58,'礼拜69','123','12345678912','广东省广州市海珠区人民街道200号',1,'秦莞尔'),(59,'幽灵96','123','12345678912','广东省广州市海珠区人民街道200号',1,'王伟'),(60,'豆腐干62','123','12345678912','广东省广州市海珠区人民街道200号',0,'王八');
/*!40000 ALTER TABLE `user` ENABLE KEYS */;
UNLOCK TABLES;
/*!40103 SET TIME_ZONE=@OLD_TIME_ZONE */;

/*!40101 SET SQL_MODE=@OLD_SQL_MODE */;
/*!40014 SET FOREIGN_KEY_CHECKS=@OLD_FOREIGN_KEY_CHECKS */;
/*!40014 SET UNIQUE_CHECKS=@OLD_UNIQUE_CHECKS */;
/*!40101 SET CHARACTER_SET_CLIENT=@OLD_CHARACTER_SET_CLIENT */;
/*!40101 SET CHARACTER_SET_RESULTS=@OLD_CHARACTER_SET_RESULTS */;
/*!40101 SET COLLATION_CONNECTION=@OLD_COLLATION_CONNECTION */;
/*!40111 SET SQL_NOTES=@OLD_SQL_NOTES */;

-- Dump completed on 2019-05-12 10:20:38
